1173023, RS Umum Cut Meutia,N/A
1211033,RS Umum Kusta Lau Simomo,N/A
6504027,RS Pratama Sebatik,N/A
1275152,RS Umum Lanu Dr. Abd. Malik,N/A
1223005,RS Tiga Bersaudara,N/A
1302015,RS Khusus Ibu dan Anak Permata Hati,N/A
8271058,RS Bhayangkara Tk. IV Ternate,N/A
1672026,RS Pertamina Kota Prabumulih,N/A
7310021,RSU Kelas D Pratama Kab. Pangkajene Kepulauan,N/A
2071114,RS Umum Daerah Embung Fatimah Kota Batam,N/A
6112003,RSUD Kabupaten Kubu Raya,N/A
3206055,RS Umum Islam Hj. Siti Muniroh,N/A
3212031, RS Umum Daerah M.A. Sentot Patrol,N/A
3213010, RS Umum Daerah Subang,N/A
3303064,RS Umum Nirmala,N/A
1208068,RS Seger Waras,N/A
3512034,RS Elizabeth,N/A
3576076,RS Emma,N/A
3524031,RS Umum Muhammadiyah Lamongan,N/A
3507102,RS Angkatan Udara dr. Mohammad Moenir,N/A
3513067, RS Umum Daerah Tongas ,N/A
3576036,RS Gatoel,N/A
3520041,RS Angkatan Udara dr. Efram Harsana,N/A
3602022,RS Misi Lebak,N/A
6172113,RS Umum Santo Vincentius Singkawang,N/A
6101135,RS Santa Elizabeth,N/A
7471044, RS Santa Anna,N/A
7471055, RS  PMI Kendari,N/A
7471070,RS Bhayangkara Kendari,N/A
7471081, RS Griya Husada Bakti,N/A
7471103, RS Ibu dan Anak Permata Bunda,N/A
8202043,RS Umum Daerah Kota Tidore Kepulauan,N/A
8203020, RS Umum Daerah Sanana,N/A
8204010, RS Umum Daerah  Labuha,N/A
8206012,RS Umum Daerah Maba,N/A
8271016,RS Umum Daerah Dr. H. Chasan Boesoirie Ternate,N/A
8271020,RS Tk.IV 16.07.01 TNI AD Ternate,N/A
8271031,RS Umum Dharma Ibu Ternate,N/A
9101010,RS Umum Daerah Fakfak,N/A
9101021,RS PT. Freeport Indonesia,N/A
9102011,RS Umum Daerah Manokwari,N/A
9102022,RS Pembantu Manokwari,N/A
9102033,RS AL dr. Azhar Zahir Manokwari,N/A
9171010,RS Umum Daerah Kabupaten Sorong,N/A
9171021,RS Pertamina Sorong,N/A
9171032,RS Umum Daerah Sele Be Solu,N/A
9201011,RS Mitra Masyarakat Timika,N/A
9201012,RS Umum Merauke,N/A
9202012,RS Umum Nabire,N/A
9202013,RS Umum Wamena,N/A
9202023,RS Umum Daerah Paniai,N/A
9202024,RS Efata Angguruk,N/A
9211014,RS Immanuel,N/A
9204014,RS Umum Daerah Serui,N/A
9205015,RS Umum Biak,N/A
9205030,RS Angkatan Laut dr. R Gandhi AT,N/A
9212011,RS Umum Daerah Kabupaten Mimika,N/A
3518047,RS Ibu dan Anak Alf Subtin,N/A
1905026,RS Pratama Kriopanting Payung,N/A
9220043,RS Umum Daerah Kwaingga Kabupaten Keerom,N/A
9271012,RS Umum Jayapura,N/A
9271023,RS Umum Abepura,N/A
9271034,RS TK IV dr.Aryoko,N/A
9271045,RS Jiwa Abepura,N/A
9271056,RS Dian Harapan,N/A
9271067,RS Bhayangkara Jayapura,N/A
9271078,RS Umum Daerah Yowari Sentani,N/A
1218158,RS Grandmed ,N/A
3402075,RS Umum Permata Husada,N/A
9214012,RS Umum Daerah Kabupaten Mappi,N/A
3212053,RS Umum Permata Medical Center,N/A
1277026,RS Umum Inanta,N/A
7408013, RS Umum Daerah Kab.Konawe Utara,N/A
7502032,RS Umum Daerah Otanaha ,N/A
7171094, RS Islam Sitti Maryam,N/A
1471091,RS Umum Daerah  Petala Bumi ,N/A
5104023,RS Umum Premagana,N/A
7201011,RS Umum Daerah Banggai,N/A
7271127,RS Bhayangkara Palu,N/A
3302052,RS Khusus Bedah Orthopedi,N/A
1709038,RS Umum Daerah Bengkulu Tengah,N/A
1805034,RS Umum Daerah Demang Sepulau Raya,N/A
1805045,RS Umum Harapan Bunda,N/A
3302121,RS Ibu dan Anak Amanah,N/A
3302174,RS Ibu dan Anak Bunda Arif,N/A
3305114,RS Umum Purwogondo,N/A
3311027,RS Khusus Bedah Karima Utama,N/A
3313042, RS Ibu dan Anak Dian Pertiwi ,N/A
3318108,RS Umum Keluarga Sehat ,N/A
3328011,RS Umum Daerah dr. Soeselo Slawi Kabupaten Tegal,N/A
3374054,RS Umum Permata Medika ,N/A
3401048,RS Umum Kharisma Paramedika,N/A
3402064,RS Umum Rachma Husada ,N/A
3402086,RS Rajawali Citra ,N/A
3404045,RS Umum Queen Latifa ,N/A
3404081,RS Umum Condong Catur ,N/A
3404092,RSU Puri Husada Yogyakarta ,N/A
3404168,RS Umum Daerah Prambanan,N/A
3507085,RS Umum Daerah Lawang ,N/A
3515121,RS Umum Anwar Medika ,N/A
3517087,RS Unipdu Medika Jombang,N/A
3578213,RS Umum Daerah Bhakti Dharma Husada,N/A
3578224,RS Umum Islam Surabaya Jemursari ,N/A
3674157,RS Medika BSD ,N/A
3674168,RS Umum Daerah Kota Tangerang Selatan,N/A
5102043,RS Umum Bhakti Rahayu Tabanan,N/A
5103032,RS Daerah Mangusada,N/A
5108064,RS Umum Parama Sidhi ,N/A
5271087,RS Umum Daerah Kota Mataram,N/A
5303013, RS Umum Daerah S. K. Lerik,N/A
5303024, RSUD Rote Ndao Ba'a ,N/A
6171067,RS Anton Soedjarwo Pontianak ,N/A
6311016,RS Umum Daerah Balangan ,N/A
6406012,RS Umum Daerah Kabupaten Malinau ,N/A
6471073,RS Bhayangkara Balikpapan,N/A
7174035, RS Umum Daerah Kota Kotamobagu ,N/A
7109028, RSU Ratatotok - Buyat,N/A
7106018,RS Umum Daerah Maria Walanda Maramis,N/A
7317075, RS Umum Daerah Batara Guru,N/A
7318010, RS Umum Elim Rantepao,N/A
7371107,Rumah Sakit Ibu Dan Anak Masyita,N/A
7371234,RS Khusus Daerah Ibu dan Anak Pertiwi,N/A
7471125, RS Mitra Sakinah Idaman,N/A
7406036,RS Umum Daerah Kabupaten Bombana,N/A
7407012,RS Umum Daerah Kabupaten Wakatobi,N/A
7502021,RS Islam,N/A
7504012,RS Umum Daerah Tombulilato,N/A
7603022, RS Banua Mamase,N/A
7605013,RS Umum Daerah Mamuju Utara,N/A
8101063,RS Umum Daerah Dr. P. P. Magretti Saumlaki,N/A
8109018,RS Umum Daerah Namrole,N/A
8171121,RS Bhayangkara Ambon,N/A
8205021,RS Umum Daerah Weda,N/A
8205032, RS Umum Daerah Kab. Pulau Morotai,N/A
1105067,RS Umum Daerah Sultan Alaiddin Said Maulana Abdul,N/A
1105078, RS Umum Graha Bunda ,N/A
1211124,RS Umum Efarina Etaham,N/A
1275147,RS Umum Full Bethesda,N/A
6271030,RS Siloam Palangka Raya,N/A
1212171,RS Umum Rahmad Hidayah,N/A
1213046,RS Umum Rachmad Insani,N/A
1218013,RS Umum Trianda,N/A
1218024,RS Umum Melati ,N/A
1275232,RS Khusus Bedah Accuplast,N/A
1275309,RS Khusus Mata Medan Baru Medical Centre,N/A
1275804,RS Ibu dan Anak Badrul Aini,N/A
1404025,RS Umum  Efarina,N/A
1408067,RS Umum PT Chevron Pacific Indonesia,N/A
1473078,RS Bhayangkara Dumai,N/A
1471067,RS Umum  Eka Hospital Pekanbaru,N/A
1471079,RS Umum  Syafira,N/A
1505027,RS Umum Daerah Sungai Bahar,N/A
1571067,RS Umum Mayang Medical Centre,N/A
1671072,RS Dr. Rivai Abdullah,N/A
1704028, RS Umum Daerah Kaur,N/A
1871037, RS Ibu dan Anak Anugerah Medika,N/A
1872031,RS Umum Islam Metro,N/A
2004012, RS Umum Daerah Dabo Kabupaten Lingga,N/A
3172137,RS Ibu dan Anak Sayyidah,N/A
3174074,RS Umum Daerah Cengkareng,N/A
3202073, RS Umum Betha Medika ,N/A
3207056,RS Umum Al - Arif,N/A
3208046,RS Umum Juanda,N/A
3212042,RS Umum Bhayangkara Indramayu,N/A
3214031,RS Umum Siloam Purwakarta,N/A
3215045,RS Umum Dewi Sri,N/A
3215156,RS Umum Lira Medika,N/A
3275035,RS Umum Sentosa,N/A
3275141,RS Umum Permata Bekasi,N/A
3216340,RS Umum Medirossa Cikarang,N/A
3216351,RS Umum Kartika Husada,N/A
3216362,RS Umum Karya Medika II,N/A
3201150,RS Umum Family Medical Center,N/A
3271161,RS Umum Melania,N/A
3272062,RS Umum Kartika Kasih,N/A
3275017,RS Ibu dan Anak Karunia Kasih,N/A
3275039,RS Umum Masmitra,N/A
3275052,RS Umum Juwita,N/A
3276017,RS Umum Sentra Medika,N/A
3277018,RS Umum Mitra Anugrah Lestari,N/A
3302063, RS Khusus Bedah Jatiwinangun,N/A
3304032,RS Umum Islam Banjarnegara,N/A
8106010,RS Umum Piru,N/A
7313023,RS Umum Daerah Siwa,N/A
3208057,RS Umum El - Syifa,N/A
3578235,RS Bunda ,N/A
1213057,RS Umum Delia,N/A
1275061,RS Umum Delima Medan,N/A
1275321,RS Umum Siti Hajar,N/A
1671094,RS Umum Sriwijaya,N/A
1702034,RS Pembantu Curup Bengkulu,N/A
1703045,RS Hana Charitas Arga Makmur,N/A
1871048,RS Umum Daerah Dr. A. Dadi Tjokrodipo,N/A
1872042,RS Umum Muhammadiyah Metro,N/A
2071048,RS Ibu dan Anak Mutiara Aini,N/A
3175075,RS Umum Mulyasari,N/A
3201083,RS Umum Daerah Leuwiliang,N/A
3206023,RS Umum Daerah Singaparna Medika Citrautama,N/A
3302074,RS Umum An Ni'mah,N/A
3306023,RS Umum  Aisyiyah,N/A
3309128,RS Umum Asy-Syifa Sambi,N/A
3314078,RS Ibu dan Anak Restu Ibu,N/A
3317026,RS Umum Islam Arafah,N/A
3319043,RS Umum  Nurussyifa,N/A
3328042,RSU Mitra Keluarga Tegal,N/A
3602045,RS Umum Daerah Malingping,N/A
3671136,RS Umum Hermina Tangerang,N/A
5108075,RS Umum Shanti Graha,N/A
5310034,RS Umum St. Gabriel Kewapante Sikka,N/A
5303045,RS Umum Daerah Naibonat,N/A
6171078,RS Pro Medika Pontianak,N/A
7373031,RS Bantuan 07.08.05 Palopo,N/A
8271042,RS Islam PKU Muhammadiyah Maluku Utara,N/A
8271053,RS Medika Harifalm Ternate,N/A
9106013,RS Umum Daerah Scholoo Keyen,N/A
9211010,RS Umum Daerah Mulia,N/A
9227011,RS Umum Daerah Supiori,N/A
1902042,RS Umum Arsani,N/A
3202084,RS Umum Bhakti Medicare,N/A
3314089,RS Umum Daerah dr. Soeratno Gemolong,N/A
9217013,RS Umum Daerah Oksibil,N/A
1102027,RS Umum Daerah Kota Subulussalam,N/A
1202028,RS Umum Permata Madina Panyabungan,N/A
3276028,RS Umum Mitra Keluarga Depok,N/A
3671179,RS Mitra Husada,N/A
1410043,RS Umum Daerah  Kabupaten Kepulauan Meranti,N/A
1872053,RS Ibu dan Anak Anugerah Medical Center Metro,N/A
6171085,RS Bersalin Jeumpa Pontianak,N/A
3313053,RS Umum Jati Husada,N/A
3312021,RS Umum Maguan Husada,N/A
1276036,RS Umum Artha Medica,N/A
3275373,RS Umum Mitra Keluarga Cibubur,N/A
3603047,RS Selaras,N/A
3603146,RS Ibu dan Anak Tiara,N/A
3671082,RS Islam Sari Asih Ar-rahmah,N/A
3320089,RS Umum PKU Muhammadiyah Mayong,N/A
3404056,RS Jih,N/A
3328078,RS Umum Adella,N/A
9202014,RS Umum Daerah Dekai,N/A
7316026,RS Umum Hj. Puang Sabbe,N/A
5171097,RS Umum Bali Royal,N/A
7401024,RS Umum Daerah Kabupaten Buton Utara,N/A
1609011,RS Umum Daerah Martapura,N/A
3404179,RS Umum Mitra Paramedika,N/A
3505024,RS Umum  Aulia Blitar,N/A
3171072,RS Umum Dr. Suyoto Pusrehab Kemhan,N/A
5305024,RS Kusta dan Cacat Umum Bunda Pembantu Abadi,N/A
1403035,RS Umum Daerah  Tengku Sulung,N/A
7604023,RS Umum Daerah Provinsi Sulawesi Barat,N/A
1375051,RS Umum Madina,N/A
3504056,RS Umum Era Medika ,N/A
3674193,RS Buah Hati Ciputat,N/A
1403024,RS Umum Daerah  Raja Musa,N/A
3217121,RS Umum Cahya Kawaluyan,N/A
3276039,RS Umum Bhayangkara Brimob,N/A
3278014,RS Umum Tasik Medika Citratama (TMC),N/A
3328035,RS Umum Daerah Suradadi,N/A
7104038,RS Umum Daerah Talaud,N/A
3603157,RS Umum Daerah Balaraja,N/A
3305023,RS Umum Permata Medika Kebumen,N/A
5306053,RS Bantuan Atambua,N/A
6404043,RS Umum Meloy,N/A
3303097,RS Umum Daerah Panti Nugroho,N/A
3603168,RS Suci Paramita,N/A
1306056,RS Umum Daerah Padang Pariaman,N/A
1771062,RS Tiara Sella,N/A
7371014,RS Umum Daerah Sayang Rakyat,N/A
7108037,RS Umum Daerah Tagulandang,N/A
3329101,RS Umum Dera As-Syifa,N/A
7571021,RS Bunda,N/A
1116011,RS Umum Daerah Teuku Umar Kabupaten Aceh Jaya,N/A
9215011,RS Umum Daerah Agats Kab. Asmat,N/A
3216374,RS Umum Multazam Medika,N/A
3404180,RS Ibu Anak Arvita Bunda,N/A
3208058,RS Umum Kuningan Medical Center,N/A
6471074,RS Medika Utama Permata,N/A
3504057,RS Ibu dan Anak Fauziah ,N/A
3603169,Metro Hospitals Cikupa,N/A
3322034,RS Umum Ken Saras,N/A
5104034,RS Umum Ganesha,N/A
3578246,RS Muji Rahayu,N/A
7208012,RS Ibu dan Anak Defina,N/A
3325037,RS Umum Qim,N/A
3505035,RS Umum Ananda,N/A
3201229,RS Umum Citama,N/A
3603201,RS Khusus THT-Bedah KL Proklamasi BSD,N/A
3524042,RS Umum Daerah Ngimbang,N/A
3506058,RS Umum Arga Husada,N/A
3572065,RS Umum Aminah,N/A
3201094,RS Umum Annisa,N/A
7306057,RS Umum Thalia Irham,N/A
3174052,RS Umum Grha Kedoya,N/A
3275046,RS Umum Mitra Keluarga Bekasi Timur,N/A
3506047,RS Umum Muhammadiyah Surya Melati ,N/A
3601010,RS Umum Daerah Berkah Pandeglang,N/A
3471107,RS Khusus Ibu dan Anak  PKU Muhammadiyah Kotagede ,N/A
1118012,RS Umum Daerah Pidie Jaya,N/A
9201034,RS Umum Bunda pengharapan,N/A
3518045,RS Umum Bhayangkara Tk. III Nganjuk,N/A
3577052,RS Ibu dan Anak Al Hasanah,N/A
3507096,RS Umum Wava Husada ,N/A
3273145,RS Umum Hermina Arcamanik,N/A
3171083,RS Ibu dan Anakï¿½Avisena,N/A
3171056,RS Khusus Kanker MRCCC Siloam Semanggi,N/A
1872064,RS Umum Permata Hati Metro,N/A
1509024,RS Umum Bersaudara Mandiri,N/A
1212067,RS Umum Hidayah,N/A
1206063,RS Umum Nuraini,N/A
3374091,RS Umum Bhayangkara Semarang ,N/A
5206027,RS H. L. Manambai Abdulkadir,N/A
3319021,RS Umum  Aisyiyah Kudus,N/A
5271098,RS Bio Medika,N/A
3278082,RS Umum Permata Bunda,N/A
1409012,RS Umum  Agung,N/A
5207002,RS Umum Daerah Asy-Syifa Sumbawa Barat,N/A
1214011,RS Umum Stella Maris,N/A
3216385,RS Umum Harapan Keluarga Jababeka,N/A
3404181,RS Umum At-Turost Al-Islamy,N/A
3312307,RS Fitri Candra,N/A
3506059,RS Umum Muhammadiyah Siti Khodijah,N/A
3321034,RS Umum Pelita Anugerah,N/A
3373091,RS Umum Sejahtera Bhakti,N/A
3404182,RS Umum Gramedika 10,N/A
5105014,RS Umum Permata Hati,N/A
5105015,RS Umum Bintang,N/A
5101054,RS Umum Bunda,N/A
1212172,RS Umum Patar Asih,N/A
3579002,RSU dr. Etty Asharto Batu,N/A
3508054,RS Bhayangkara Lumajang ,N/A
3523053,RS Nahdlatul Ulama Tuban,N/A
3508055,RS Djatiroto,N/A
3578322,RS Paru Surabaya,N/A
3578766,RS Wiyung Sejahtera,N/A
3578767,RS Ibu dan Anak Cempaka Putih Permata,N/A
3578768,RS Ibu dan Anak Lombok Dua Dua Lontar,N/A
3578770,RS Wijaya Surabaya,N/A
3578771,RS Ibu dan Anak Putri Surabaya,N/A
3504068,RS Umum Bhayangkara Tulungagung,N/A
3504069,RS Umum Satiti Prima Husada,N/A
3504070,RS Umum Islam  Madinah,N/A
3573097,RS Ibu dan Anak Husada Bunda,N/A
3516032,RS Sido Waras,N/A
3505036,RS Ibu dan Anak Kirana Husada,N/A
3506060,RS Ibu dan Anak Kasih Bunda,N/A
3515123,RS Umum Usada ,N/A
3518046,RS Islam Aisyiyah Nganjuk,N/A
3515125,RS Ibu dan Anak Kirana,N/A
3577086,RS Umum Griya Husada Madiun,N/A
3516033,RS Islam Arofah,N/A
3515126,RS Umum Al-Islam H. M. Mawardi,N/A
3576074,RS Kamar Medika,N/A
7571022,RS Ibu dan Anak Siti Khadidjah,N/A
5171216,RS Bhayangkara Denpasar,N/A
5102044,RS Umum Wisma Prashanti,N/A
5103033,RS Umum Kasih Ibu Kedonganan,N/A
5171217,RS Umum Surya Husada Ubung,N/A
5104035,RS Umum Ari Canti,N/A
6171136,RS Bersalin Nabasa Pontianak,N/A
1222002,RS Umum Daerah Kota Pinang,N/A
3404183,RS Umum PKU Muhammadiyah Gamping,N/A
3404184,RS Umum Bhayangkara POLDA DIY,N/A
3401049,RS Umum PKU Muhammadiyah Wates,N/A
3471374,RS Khusus Gigi dan Mulut Universitas Muhammadiyah ,N/A
3402076,RS Khusus Bedah Ring Road Selatan,N/A
3401050,RS Umum PKU Muhammadiyah Nanggulan,N/A
3401051,RS Umum Rizki Amalia,N/A
3404185,RS Khusus Bedah Sinduadi,N/A
3579003,RS Bhayangkara Hasta Brata Batu ,N/A
1571159,RS Islam Arafah,N/A
1571161,RS Ibu dan Anak Annisa,N/A
1371446,RS Umum Citra Bunda Medical Center Padang,N/A
2171064,RS Santa Elisabeth Sei Lekop,N/A
3201230,RS Umum Sentra Medika Cibinong,N/A
1304014,RS Umum Daerah Kabupaten Sijunjung,N/A
1371454,RS Khusus Gigi dan Mulut Baiturrahmah,N/A
1371455,RS Ibu dan Anak Siti Hawa,N/A
1371456,RS Islam Siti Rahmah,N/A
1372012,RS Tkt. IV 01.07.06 Solok,N/A
1872065,RS Bersalin Asih,N/A
3519024,RS Umum Daerah Dolopo,N/A
1307017,RS Ibu dan Anak Rezki Bunda,N/A
1375052,RS Khusus THT Sitawa Sidingin,N/A
3174509,RS Ibu dan Anak St. Yusuf,N/A
5208002,RS Umum Kab. Lombok Utara,N/A
3216386,RS Amanda Cikarang Selatan,N/A
1406043,RS Umum  Mesra,N/A
3271162,RS Bersalin Pasutri,N/A
3573243,RS Ibu dan Anak Mardi Waloeja Kauman Malang,N/A
3513025,RS Ibu dan Anak Fatimah Kraksaan,N/A
3503045,RS Ibu dan Anak HST,N/A
3507098,RS Mitra Delima,N/A
3525088,RS Muhammadiyah Gresik,N/A
3571145,RS Ibu dan Anak Citra Keluarga,N/A
3516075,RS Mawaddah Medika,N/A
3573244,RS Ibu dan Anak Puri,N/A
3507099,RS Prasetya Husada,N/A
3507100,RS Siti Miriam,N/A
3573246,RSU Hermina Tangkubanprahu,N/A
3573247,RS Ibu dan Anak Permata Hati,N/A
3515127,RS Umum Assakinah Medika,N/A
3507248,RS Bedah Hasta Husada,N/A
3573249,RS Umum Permata Bunda,N/A
3571146,RS Umum Lirboyo,N/A
2002002,RS Umum Daerah  Kabupaten Bintan,N/A
3571147,RS Umum Ratih,N/A
3522059,RS Bhayangkara Wahyu Tutuko Bojonegoro ,N/A
1276074,RS Umum Latersia,N/A
3522060,RS Umum Muhammadiyah Kalitidu,N/A
3573250,RS Ibu dan Anak Puri Bunda,N/A
3278015,RS Bersalin Ummi,N/A
1376011,RS Umum Ibnu Sina Kota Payakumbuh,N/A
2072002,RS Umum Daerah Provinsi Kepulauan Riau Tanjungpina,N/A
3314090,RS Umum PKU Muhammadiyah Sragen ,N/A
5206028,RS PKU Muhammadiyah Bima,N/A
1404026,RS Umum  Medicare Sorek,N/A
1803033,RS Natar Medika,N/A
1810003,RSU Surya Asih,N/A
1807016,RS Umum Haji Kamino,N/A
1810004,RS Ibu dan Anak Mutiara Hati,N/A
1804012,RS Umum Aka Medika Sribhawono,N/A
3671202,RS Ibu dan Anak Mutiara Bunda,N/A
3578772,RS Manyar Medical Centre,N/A
3216387,RS Umum Dokter Adam Talib,N/A
3273540,RS Khusus Gigi dan Mulut Kota Bandung,N/A
3571148,RS Ibu dan Anak Melinda,N/A
3520013,RS Ibu dan Anak Bhakti Persada,N/A
7171095,RS Ibu dan Anak Kirana Manado,N/A
3512035,RS Ibu dan Anak Fatimah Lamongan,N/A
3573251,RS Ibu dan Anak Mardi Waloeja Rampal Malang,N/A
3506062,RS Umum  Aura Syifa,N/A
1218025,RS Umum Sawit Indah Perbaungan,N/A
3403022,RS Umum Pelita Husada ,N/A
3278016,RS Ibu dan Anak Sayang Bunda,N/A
1671324,RS Ibu dan Anak Rika Amelia,N/A
1471383,RS Umum  Sansani,N/A
1408079,RS Umum  Thursina,N/A
1471384,RS Awal Bros A. Yani,N/A
1471386,RS Ibu dan Anak  Annisa,N/A
1406044,RS Ibu Anak  Husada Bunda,N/A
1404027,RS Umum  Amalia Medika,N/A
1471387,RS Ibu dan Anak  Zainab,N/A
1871440,RS Ibu dan Anak Mutiara Putri,N/A
1275997,RS Umum Bina Kasih,N/A
6474033,RS Amalia Bontang,N/A
6404044,RS Pupuk Kaltim Prima Sangata,N/A
6471075,RS Siloam Hospitals Balikpapan,N/A
6471077,RS Umum Balikpapan Baru,N/A
6473043,RS Umum Pertamedika Tarakan,N/A
6404046,RS Umum Medika Sangatta,N/A
6404047,RS Ibu Anak Asy Syifa,N/A
6472121,RS Khusus Ibu dan Anak Qurrata A'yun,N/A
1408080,RS Umum  Permata Hati,N/A
3510103,RS Al Huda ,N/A
7603024,RS Umum Daerah Kondosapata Kab. Mamasa,N/A
3515122,RSU Mitra Keluarga Waru,N/A
3509135,RS Bina Sehat Jember,N/A
7171097,RS TNI AU Lanud Sam Ratulangi,N/A
3504071,RS Umum Muhammadiyah Bandung ,N/A
3515129,RS Ibu dan Anak Soerya,N/A
7314025,RS Umum Anugrah Pangkajene,N/A
3528025,RS Umum Asyifa Husada Pamekasan,N/A
3278017,RS Ibu dan Anak Widaningsih,N/A
3329102,RS Umum Daerah Bumiayu,N/A
3208059,RS Umum Daerah Linggajati Kuningan,N/A
3674003,RSIA Permata Sarana Husada,N/A
3674171,RS Ibu dan Anak Cinta Kasih,N/A
7371397,RS Ibu dan Anak Gia Lestari,N/A
3573252,RS Ibu dan Anak Mutiara Bunda,N/A
1275999,RS Jiwa Bina Karsa Medan,N/A
7371336,RS Hikmah,N/A
3174510,RS Umum Anggrek Mas,N/A
3404187,RS Khusus Ibu Anak Sadewa,N/A
3274134,RS Umum Medimas,N/A
3508056,RS Islam Lumajang,N/A
3573253,RS Ibu dan Anak Melati Husada,N/A
1110101,RS Umum Bireuen Medical Center ,N/A
3515130,RS Umum Prima Husada,N/A
3513026,RS Umum  Wonolangan,N/A
1275100,RS Umum Methodis Susanna Wesley,N/A
3510104,RS Umum PKU Muhammadiyah Rogojampi,N/A
1276075,RS Umum Bidadari,N/A
3502146,RS Umum Muslimat Ponorogo,N/A
1371457,RS Khusus Mata Padang Eye Center,N/A
3206083,RS Ibu dan Anak dr. Hj. Karmini EH,N/A
3329103,RS Umum Islami Mutiara Bunda,N/A
1671325,RS Hermina Palembang,N/A
1109028,RS Umum Mufid,N/A
1971002,RS  Katolik Bhakti Wara,N/A
3172748,RS Ibu dan Anak Bunda Aliyah,N/A
3327044,RS Umum Siaga Medika Pemalang ,N/A
3515131,RS Umum Citra Medika,N/A
1871002,RS Umum Wisma Rini Pringsewu,N/A
1108016,RS Umum Al-Islamic Aceh Hospital,N/A
3275390,RS Ibu dan Anak Selasih Medika,N/A
1509016,RS Sentral Medika,N/A
1505028,RS Umum Daerah Sungai Gelam,N/A
3674004,RS Permata Pamulang,N/A
3674005,RS Sari Asih Ciputat,N/A
3578773,RS Ibu dan Anak Bantuan 05.08.05 Surabaya,N/A
9230002,RS Umum Daerah Tiom,N/A
9213039,RS Umum Daerah Boven Digoel,N/A
6112002,RS Ibu dan Anak Anugrah,N/A
1173003,RS Umum Ummi Langsa,N/A
3217002,RS Umum Daerah Cililin,N/A
3276147,RS Ibu dan Anak Asyifa Depok,N/A
3275392,RS Umum Awal Bros Bekasi,N/A
5371046,RS TNI AL Lantamal VII Kupang,N/A
3674006,RS Syarif Hidayatullah,N/A
3216393,RS Umum Mitra Keluarga Cikarang,N/A
3578774,RS Ibu dan Anak Nur Ummi Numbi,N/A
3525089,RS Umum Mabarrot MWC NU,N/A
5371047,RS Ibu dan Anak Dedari,N/A
5371052,RS Santo Carrolus Boromeus,N/A
5371054,RS Mamami,N/A
5371055,RS TNI AU EL TARI,N/A
3215158,RS Umum Fikri Medika,N/A
3201231,RS Sentosa,N/A
3375072,RS Umum Anugerah Pekalongan,N/A
3319022,RS Umum Kumala Siwimijen Kudus,N/A
1110102,RS Umum Telaga Bunda,N/A
3603172,RS St. Carolus Summarecon Serpong ,N/A
3171511,RS Umum Siloam Asri,N/A
1209077,RS Umum Daerah Tuan Rondahaim Pematang Raya,N/A
1275887,RS Umum Ibnu Saleh,N/A
7505002,RS Umum Daerah dr. Zainal Umar Sidiki,N/A
2005002,RS Umum Daerah Bergerak Jemaja,N/A
3216389,RS Umum Hermina Galaxy,N/A
3674007,RS Hermina Ciputat,N/A
5106026,RS Umum Bangli Medika Canti,N/A
3278018,RS Umum Syifa Medina,N/A
8103002,RS Umum Daerah Banda,N/A
3171782,RS Umum Andhika,N/A
6108012,RS Bergerak Badau Kapuas Hulu,N/A
7471002,RS Hati Mulia,N/A
1371459,RS Khusus Mata Regina Eye Center,N/A
3603173,RS Ibu dan Anak Harapan Mulia,N/A
3603174,RS Bersalin Bunda Lestari,N/A
3603175,RS Umum Murni Asih,N/A
1223002,RS Umum Daerah  Aek Kanopan,N/A
9203015,RS TNI Angkatan Laut dr. Soedibjo Sardadi,N/A
9203016,RS TNI Angkatan Darat Marthen Indey Jayapura,N/A
7371399,RS Awal Bros Makassar,N/A
7309044,RS AU dr. Dody Sardjoto,N/A
3215160,RS Umum Puri Asih,N/A
3673035,RS Ibu dan Anak Puri Garcia,N/A
3604002,RS Hermina Ciruas,N/A
3672003,RS Ibu dan Anak Mutiara Bunda,N/A
3673036,RS Sari Asih Serang,N/A
3671203,RS Awal Bros Kota Tangerang,N/A
3671204,RS Ariya Medika,N/A
3671205,RS Sari Asih Ciledug,N/A
3511012,RS Bhayangkara Bondowoso ,N/A
3522061,RS Umum Ibnu Sina Bojonegoro,N/A
1504017,RS Royal Prima,N/A
6208013,RS Umum Daerah Hanau,N/A
7371400,RS Ibu dan Anak Sitti Khadijah III Muhammadiyah Ma,N/A
3674008,RS Ibu dan Anak Citra Ananda,N/A
9104002,RS Umum Daerah Teluk Bintuni,N/A
3674009,RS Aria Sentra Medika,N/A
3603176,RSU Keluarga Kita,N/A
3603177,RS Permata Hati,N/A
3603178,RS Ibu dan Anak Bunda Sejahtera,N/A
5320002,RS Umum Daerah Sabu Raijua,N/A
1902011,RS Umum Almah,N/A
3515132,RS Umum Rahman Rahim,N/A
3515133,RS Ibu dan Anak Mitra Husada,N/A
3515134,RS Ibu dan Anak Buah Delima,N/A
3515135,RS Bantuan 05.08.03 Sidoarjo,N/A
8204011,RS Pratama Bisui Kab. Halmahera Selatan,N/A
3272025,RS Umum Bhayangkara Setukpa Lemdikpol,N/A
3201232,RS Umum Daerah Cileungsi,N/A
3603180,RS Ciputra ,N/A
1275888,RS Umum Martha Friska Multatuli,N/A
9228002,Rumah Sakit Umum Daerah Kawera,N/A
3578777,RS Universitas Airlangga ,N/A
3214032,RS Umum dr. Abdul Radjak,N/A
7271128,RS Umum  Sis Al Jufri Palu,N/A
6105027,RS Bergerak Balai Karangan,N/A
3315058,RS Umum Enggal Waras,N/A
8108002,RS Umum Daerah Tiakur,N/A
3214033,RS Umum Asri Purwakarta,N/A
3214034,RS Umum Rama Hadi,N/A
3375073,RS Umum H. A. Zaky Djunaid,N/A
5103034,RS Khusus Bedah BIMC Nusa Dua,N/A
3216396,RSIA Taman Harapan Baru,N/A
3171783,RS Ibu dan Anak Kemang Medical Care,N/A
3205022,RS Umum Daerah Pameungpeuk Prov. Jabar,N/A
3214035,RS Umum Amira,N/A
3216397,RS Umum Asri Medika,N/A
6171138,RS Umum Daerah Sultan Syarif  Mohammad Alkadri,N/A
1219002,RS Umum Lasmi Kartika,N/A
3216447,RS Ibu dan Anak Nurul Annisa,N/A
9102034,RS Umum Daerah Kaimana,N/A
1275889,RS Umum Murni Teguh Memorial Hospital,N/A
3204123,RS Ibu dan Anak Humana Prima,N/A
3306105,RS Ibu dan Anak Permata,N/A
3319023,RS Ibu dan Anak Harapan Bunda,N/A
3316063,RS Umum PKU Muhammdiyah Blora,N/A
3322072,RS Ibu dan Anak Plamongan Indah,N/A
3175408,RS Umum Firdaus,N/A
3313054,RS Umum Indo Sehat Karangayar ,N/A
7315016,RS Umum Aisyiyah St. Khadijah,N/A
3214036,RS Ibu dan Anak Dian,N/A
3214037,RS Umum Holistic Purwakarta,N/A
1571162,RS Umum Kambang,N/A
3471121,RS Paru Respira,N/A
3578778,RS National Hospital,N/A
3578779,RS Ibu dan Anak Lombok Dua Dua,N/A
3373092,RS Bersalin Mutiara Bunda  Salatiga,N/A
1601002,RS Umum Dr. Noesmir Baturaja,N/A
6271068,RS Jiwa Kalawa Atei,N/A
3603181,RS Bethsaida,N/A
1371451,RS Ibu dan Anak Cicik,N/A
1571163,RS Umum Baiturahim Jambi,N/A
3216399,RS Mitra Medika Narom,N/A
3201235,RS Umum dr. Sismadi,N/A
1219003,RS Umum Daerah Batu Bara,N/A
5103035,RS Umum Siloam Bali,N/A
6107022,RS Tk. IV 12.07.02 Sintang,N/A
3216400,RS Uni Medika Setu Bekasi,N/A
3274135,RS Umum Sumber Hurip,N/A
3209052,RS Umum Universitas Muhammadiyah Cirebon,N/A
1611042,RS Umum Daerah Kabupaten Empat Lawang,N/A
7110002,RS Umum Daerah Bolaang Mongondow Selatan,N/A
1771002,RS Umum Daerah Harapan dan Doa,N/A
3171784,RS Umum Yadika,N/A
1275890,RS Umum Bunda Thamrin,N/A
3302225,RS Khusus Bedah Mitra Ariva,N/A
3172750,RS Ibu dan Anak Resti Mulya,N/A
5203024,RS Islam Namira,N/A
1278002,RS Umum Bethesda Gunungsitoli,N/A
1471389,RS JMB Pekanbaru,N/A
7471004,RS Umum Dewi Sartika,N/A
7471005,RS Aliyah,N/A
3216402,RS Umum Anna Medika,N/A
1671327,RS Karya Asih Charitas Palembang,N/A
5272003,RS Harapan Keluarga,N/A
3517025,RS Airlangga ,N/A
3517091,RS Umum Moedjito Dwidjosiswojo,N/A
3517092,RS Muhammadiyah Jombang,N/A
3302226,RS Ibu dan Anak Budhi Asih,N/A
3512036,RS Umum Daerah Besuki Kabupaten Situbondo,N/A
3517093,RS Al-Azis,N/A
3514052,RS Umum Bhayangkara Pusdik Brimob ,N/A
3521014,RS Umum Widodo,N/A
3516034,RS Dharma Husada,N/A
3516036,RS Mutiara Hati Mojokerto,N/A
3504073,RS Putra Waspada Tulungagung,N/A
3520014,RS Ibu dan Anak Sekar Wangi,N/A
7171098,RS Ibu dan Anak Kasih Ibu,N/A
7105030,RS Umum Daerah Amurang,N/A
7171099,RS Umum Siloam Hospital Manado,N/A
3301106,RS Umum Duta Mulya,N/A
1901043,RS Umum Daerah Dr. (H.C.) Ir. Soekarno,N/A
3327045,RS Umum Prima Medika ,N/A
3516037,RS Umum Kartini  ,N/A
3172751,RS Gigi Dan Mulut Angkatan Udara,N/A
3101002,RS Umum Daerah Kepulauan Seribu,N/A
3276041,RS Umum Grha Permata Ibu,N/A
3201236,RS Umum Medika Dramaga,N/A
3507104,RS Prima Husada,N/A
5203025,RS Lotim Medical Center,N/A
1871439,RS Ibu dan Anak Restu Bunda,N/A
3578780,RS Orthopedi dan Traumatologi Surabaya,N/A
1671328,RS Khusus Gigi dan Mulut Palembang Provinsi Sumate,N/A
8205033,RS Bethesda GMIH Tobelo,N/A
3318109,RS Umum  Budi Agung Pati,N/A
3302227,RS Umum Medika Lestari Banyumas,N/A
1671329,RS Ibu dan Anak Widiyanti Palembang,N/A
3402077,RS Umum Griya Mahardika Yogyakarta,N/A
9108002,RS Umum Daerah Raja Ampat,N/A
1305015,RS Ibu dan Anak Sayang Ibu,N/A
3529026,RS Ibu dan Anak Esto Ebhu,N/A
3507105,RS Lawang Medika,N/A
3515136,RS Mata Fatma,N/A
1610003,RS Umum Daerah Kabupaten Ogan Ilir,N/A
1377003,RS Umum Aisyiyah Pariaman,N/A
3509136,RS Umum Citra Husada Jember,N/A
3172752,RS Jantung Bina Waluya,N/A
3673004,RS Umum Daerah Banten,N/A
3674011,RS Ibu dan Anak Dhia,N/A
1275892,RS Umum Ridos,N/A
3171785,RS Umum Bhayangkara Sespimma Polri,N/A
1671331,RS Bhayangkara Palembang,N/A
1275894,RS Umum Mitra Persada Medan,N/A
3501017,RS Ibu dan Anak Agung Mulia,N/A
3515137,RSIA Pondok Tjandra,N/A
3507107,RS Ben Mari,N/A
3315059,RS Umum Islam Purwodadi ,N/A
3201238,RS Umum Hermina Mekarsari,N/A
3171786,RS Umum Mayapada,N/A
1109029,RS Umum Citra Husada,N/A
5102046,RS Umum Kasih Ibu Tabanan,N/A
3525090,RSU Wates Husada,N/A
3309129,RS Umum Hidayah Boyolali,N/A
3301107,RS Umum Santa Maria Cilacap,N/A
7208013,RS Umum Daerah Raja Tombolotutu,N/A
3306106,RS Umum Purwa Husada,N/A
3275403,RS Ibu dan Anak Rinova Intan,N/A
3524043,RS Bedah Mitra Sehat,N/A
3313055,RS Umum Jafar Medika Karanganyar,N/A
3306108,RS Ibu dan Anak Kasih Ibu Purworejo,N/A
3303099,RS Ibu dan Anak Ummu Hani,N/A
3324037,RS Umum Muhammadiyah Darul Istiqomah,N/A
3314092,RS Umum Islam Yakssi Gemolong,N/A
3515138,RS Umum Aisyiyah Siti Fatimah,N/A
9171046,RS Mutiara,N/A
3327046,RS Ibu dan Anak Siti Aminah Pemalang,N/A
3214038,RS Umum Bhakti Husada II Purwakarta,N/A
3404189,RS UGM ,N/A
3172753,RS Umum Antam Medika,N/A
8172002,RS Umum Daerah Maren Kota Tual,N/A
6472123,RS Samarinda Medika Citra,N/A
3174515,RS Khusus Mata Jakarta Eye Center Kedoya,N/A
7371401,RS Ibu dan Anak Bunda,N/A
7371402,RS Siloam Makassar,N/A
9103035,RS Umum Daerah Kabupaten Teluk Wondama,N/A
3201239,RS Ibu dan Anak Assalam,N/A
6171139,RS Universitas Tanjungpura,N/A
3279002,RS Umum Mitra Idaman,N/A
3279003,RS Umum Banjar Patroman,N/A
9212012,RS Waa Banti,N/A
3277019,RS Umum Avisena,N/A
3216388,RS Umum Cibitung Medika,N/A
1207064,RS Umum Kasih Ibu,N/A
3313056,RS Umum Mojosongo 2,N/A
6472124,RS Siaga Al-Munawwarah Samarinda,N/A
3213044,RS Umum Mutiara Hati,N/A
3209053,RS Ibu dan Anak Khalishah,N/A
3275053,RS Umum Taman Harapan Baru,N/A
3277021,RS Umum Kasih Bunda,N/A
3312308,RS Umum Mulia Hati Wonogiri,N/A
3215161,RS Umum Mitra Family,N/A
7371403,RS Mitra Husada,N/A
7371406,RS Ibu dan Anak Budi Mulia,N/A
1605044,RS Umum Daerah Muara Beliti,N/A
3172749,RSK Pusat Otak Nasional,N/A
3171789,RS Umum Siloam TB Simatupang,N/A
3309131,RS Umum Islam Banyubening Boyolali ,N/A
3201240,RS Umum Juliana,N/A
3201241,RS Umum Ummi,N/A
3305117,RS Umum PKU Muhammadiyah Petanahan Kebumen,N/A
7371407,RS Umum Bahagia,N/A
3276149,RS Ibu dan Anak Setya Bhakti,N/A
6303027,RS Umum Pelita Insani,N/A
3375074,RS Umum  ARO,N/A
7107003,RS Umum Daerah Bolaang Mongondow Utara ,N/A
3517089,RS Umum Daerah Ploso,N/A
1871442,RS Ibu dan Anak Puri Betik Hati,N/A
6474034,RS Islam Bontang,N/A
3671207,RS Dinda,N/A
6371153,RS Khusus Gigi dan Mulut Gusti Hasan Aman,N/A
3216406,RS Umum Metro Hospitals,N/A
3515140,RS Arafah Anwar Medika Sukodono,N/A
3216407,RS Ibu dan Anak Cahaya Medika,N/A
3216408,RS Umum Harapan Mulia,N/A
3213045,RS Umum Pamanukan Medical Center (PMC),N/A
7371408,RS Universitas Hasanuddin,N/A
3216409,RS Umum Cikarang Medika,N/A
3216413,RS Umum Kartika Husada Setu,N/A
3216414,RS Umum Amanda,N/A
3372235,RS Khusus Mata Solo,N/A
3216415,RS Umum Ridhoka Salma,N/A
3509137,RS Ibu dan Anak Srikandi IBI Jember,N/A
3216416,RS Umum Permata Keluarga Lippo Cikarang,N/A
3216417,RS Umum Tiara,N/A
1671332,RS Umum YK Madira Palembang ,N/A
3524044,RS Abdurrahman Syamsuri (Arsy),N/A
7204044,RS TK 4 DR.YANTO.SP.OT,N/A
3578781,RS Umum Royal Surabaya ,N/A
3305118,RS Umum Muhammadiyah Kutowinangun ,N/A
3328079,RS Ibu dan Anak Pala Raya,N/A
1275897,RS Umum Restu Ibu,N/A
3275054,RS Umum As-Shofwan,N/A
7502034,RS Umum Daerah dr. Hasri Ainun Habibie,N/A
1806036,RS Umum HI. Muhammad Yusuf,N/A
7604024,RS Umum Mitra Mankarra,N/A
7373003,RS Umum Bintang Laut Palopo,N/A
1208056,RS Umum Setio Husodo,N/A
3517094,RS Umum Nadhlatul Ulama Jombang,N/A
7371410,RS Ibu dan Anak Ananda,N/A
3514053,RS Mitra Sehat Medika ,N/A
1221002,RS Umum Permata Madina Sibuhuan,N/A
3404190,RS Umum Mitra Sehat,N/A
1174019,RS Umum Bunga Melati,N/A
1110103,RS Umum Avicenna,N/A
3173696,RS Umum Bunda Jakarta,N/A
3524045,RS Umum dr. Suyudi,N/A
6471078,RS Umum Tingkat IV  Lanud Balikpapan,N/A
3172755,RS Jantung Jakarta,N/A
3174516,RS Ibu dan Anak Ibnu Sina,N/A
1271032,RS Umum Metta Medika,N/A
6171140,RS Umum Kharitas Bhakti,N/A
9171047,RS Angkatan Laut dr. R. Oetojo,N/A
6271024,RS Islam PKU Muhammadiyah Palangkaraya,N/A
3329105,RS Ibu dan Anak Permata Insani,N/A
9201035,RS TNI Angkatan Laut Merauke,N/A
1607017,RS Bunda Medika Jakabaring,N/A
6372016,RS TK IV Guntung Payung ,N/A
1674002,RS AR Bunda Kota Lubuk Linggau,N/A
3509138,RS Kaliwates Jember,N/A
6303028,RS Ibu dan Anak Mutiara Bunda,N/A
1406045,RS Ibu Anak  Bunda Anisyah,N/A
3173697,RS Khusus Gigi dan Mulut Ladokgi TNI AL R.E. Marta,N/A
3573256,RS Bantuan 05.08.04 Lawang,N/A
3526027,RS Umum Lukas,N/A
6271025,RS Bhayangkara Palangka Raya,N/A
7101037,RS Kinapit,N/A
1671333,RS Pelabuhan Palembang ,N/A
3671208,RS Umum Daerah Kota Tangerang,N/A
3674012,RS Bunda Dalima,N/A
3573254,RS Ibu dan Anak Galeri Candra Malang,N/A
1274058,RS Bhayangkara Tk.III Kota Tebing Tinggi,N/A
1171145,RS Umum Meutia,N/A
1407012,RS Umum  Awal Bros Ujung Batu,N/A
3302228,RS Khusus Gigi dan Mulut Univ. Jenderal Soedirman,N/A
3172756,RS Ibu dan Anak SamMarie Basra,N/A
3302229,RS Umum Dadi Keluarga,N/A
1171146,RS Ibu dan Anak Cempaka Az Zahra Banda Aceh,N/A
3574068,RS Ibu dan Anak Amanah,N/A
3578782,RS Surabaya Medical Service,N/A
1406046,RS Ibu Anak  Norfa Husada,N/A
1107015,RS Umum Montella,N/A
9212013,RS Kasih Herlina,N/A
3204154,RS Umum TNI AU Lanud Sulaiman,N/A
1308012,RS Bersalin Harapan Bunda,N/A
3308017,RS Umum Aisyiyah Muntilan ,N/A
3216420,RS Umum Medirossa 2,N/A
5371057,RS Kartini,N/A
1273033,RS Umum Harapan,N/A
3308018,RS Umum N21 - Gemilang ,N/A
3312309,RS Umum Astrini,N/A
1171147,RS Umum Prince Nayef Bin Abdul Aziz Syiah Kuala Un,N/A
3175409,RS Ibu dan Anak Grand Family,N/A
3525091,RS Umum Wali Songo I,N/A
1504018,RS Mitra Medika Batang Hari,N/A
3216421,RS Umum Puspa Husada,N/A
3512037,RS Umum Daerah Asembagus Kabupaten Situbondo,N/A
7271130,RS Ibu dan Anak Nasana Pura,N/A
3329108,RS Umum Alam Medica ,N/A
1471390,RS Umum  Awal Bros Panam,N/A
3215162,RS Umum Helsa,N/A
3215163,RS Ibu dan Anak Sentul,N/A
1275998,RS Ibu dan Anak Stella Maris,N/A
3603182,RS Medika Lestari,N/A
3510105,RS Umum Bakti Mulia Banyuwangi,N/A
1275898,RS Khusus Mata SMEC,N/A
1275899,RS Umum Tere Margareth,N/A
1275900,RS Umum Fajar,N/A
3276150,RS Jantung Diagram,N/A
3301108,RS Umum Aghisna Medika Kroya ,N/A
3201242,RS Ibu dan Anak Kenari Graha Medika,N/A
7271131,RS Ibu dan Anak Care She,N/A
1471391,RS Khusus  Mata Pekanbaru Eye Center ,N/A
3216423,RS Umum Kartika Husada,N/A
1809002,RS Umum Daerah Pesawaran,N/A
1202029,RS Umum Armina Madina,N/A
1407013,RS Umum Azzahra,N/A
3671209,RS Sari Asih Sangiang,N/A
2105005,RS Umum Daerah Tarempa,N/A
1971003,RS Ibu dan Anak Muhaya,N/A
5206029,RS Umum Daerah Sondosia Kab. Bima,N/A
3310417,RS Umum Islam Cawas Klaten,N/A
7322003,RS Umum Hikmah Masamba,N/A
1407014,RS Umum  Surya Insani,N/A
1212174,RS Umum Keliat,N/A
1212175,RS Umum Mitra Sehat,N/A
1212176,RS Umum Joko,N/A
6171141,RS  Mitra Medika Pontianak,N/A
6110013,RS Umum Citra Husada Nanga Pinoh,N/A
1212177,RS Umum Yoshua,N/A
3507108,RS Umum Universitas Muhammadiyah Malang,N/A
1108017,RS Umum Ibnu Sina,N/A
3578784,RS Ibu dan Anak Perdana Medica,N/A
3374365,RS Umum Hermina Banyumanik Semarang,N/A
3528026,RS Ibu dan Anak Mukti Husada,N/A
3274136,RS Jantung Hasna Medika,N/A
7372076,RS Bersalin Sitti Khadijah Pare-Pare,N/A
1211126,RS Umum Amanda,N/A
3374366,RS Umum Columbia Asia Semarang,N/A
3310418,RS Umum PKU Muhammadiyah Jatinom Klaten,N/A
7315017,RS Umum Ddela Medical,N/A
3374367,RS Umum Nasional Diponegoro,N/A
3215164,RS Umum Rosela,N/A
3578785,RS Mitra Keluarga Kenjeran,N/A
3216424,RS Ibu dan Anak Gizar,N/A
3276151,RS Umum Permata Depok,N/A
3201243,RS Ibu dan Anak Sawojajar,N/A
3301109,RSU Afdila Cilacap,N/A
3506063,RS Umum  Wilujeng,N/A
6110015,RS Umum Kasih Bunda Jaya Nanga Pinoh,N/A
1672002,RS Umum Fadhilah Kota Prabumulih,N/A
1671335,RS Siloam Sriwijaya Palembang,N/A
7201012,RS Umum Daerah Trikora Salakan,N/A
9107002,RS Kasih Herlina,N/A
7171101,RS Gigi dan Mulut PS. Pendidikan Dokter Gigi Fak. ,N/A
3276152,RS Umum Citra Medika Depok,N/A
3216425,RS Umum Bunda Mulia,N/A
9219044,RS Hendrik Fintay Kabupaten Sarmi,N/A
3215165,RS Umum Sentral Medika,N/A
3674013,RS Ibu dan Anak Buah Hati Pamulang,N/A
7373004,RS Umum St. Madyang,N/A
3403023,RS Umum Panti Rahayu,N/A
1805046,RS Umum Kartini,N/A
3172757,RS Umum Adhyaksa,N/A
3504074,RS Ibu dan Anak Amanda,N/A
3525092,RS Grha Husada Gresik ,N/A
3172758,RS Umum Columbia Asia Pulomas,N/A
7209002,RS Umum Daerah Wakai,N/A
3201244,RS Umum Permata Jonggol,N/A
3372236,RS Umum Hermina Solo,N/A
1371460,RS Ibu dan Anak Mutiara Bunda,N/A
3524046,RS Umum Intan Medika,N/A
3525093,RS Fathma Medika,N/A
3311225,RS Umum PKU Muhammadiyah Sukoharjo,N/A
1871443,RS Ibu dan Anak Santa Anna,N/A
3324038,RS Umum Baitul Hikmah,N/A
8204012,RS Umum Obi,N/A
3271163,RS Umum Vania,N/A
5371058,RS Umum Leona Kupang,N/A
3604047,RS Kurnia Serang,N/A
3578786,RS Mata Masyarakat Jawa Timur,N/A
3310419,RS Umum Mitra Keluarga Husada Klaten,N/A
6303030,RS Umum Aveciena Medika,N/A
7210002,RS Umum Daerah Tora Belo,N/A
6301014,RS Ibu dan Anak Ainun,N/A
7604026,RS Umum Daerah Kabupaten Mamuju Tengah,N/A
1107016,RS Umum Harapan Sehat,N/A
3172759,RSU Restu Kasih,N/A
3517095,RS Umum Pelengkap Medical Center,N/A
3674014,RS Hermina Serpong,N/A
1509027,RS Ibu dan Anak Haji Abdul Malik,N/A
3308019,RS Umum Padma Lalita,N/A
1218026,RS Umum Pabatu,N/A
3329109,RS Umum Amanah Mahmudah,N/A
5303028,RS Siloam Kupang,N/A
1903002,RS Umum Bakti Timah Muntok,N/A
3515141,RS Umum Bunda,N/A
3671210,RS Permata Ibu,N/A
3528027,RS Umum Mohammad Noer Pamekasan,N/A
1812002,RS Umum Asy-Syifa Medika,N/A
3307051,RS Umum  PKU Muhammadiyah Wonosobo,N/A
3524047,RS Muhammadiyah Babat,N/A
2171065,RS Hj. Bunda Halimah,N/A
3519026,RS Paru Manguharjo Madiun,N/A
1872066,RS Azizah,N/A
5104036,RS Umum Famili Husada,N/A
1671336,RSU Graha Mandiri ,N/A
3513027,RS Rizani Husada,N/A
7411908,RS Umum Daerah Kabupaten Kolaka Timur,N/A
1409013,RS Umum  Indah,N/A
3202086,RS Umum Kartika Cibadak,N/A
3175410,RS Umum Pekerja,N/A
3216426,RS Umum Kasih Insani Sukatani,N/A
5206030,RS dr. Agung,N/A
7371412,RS Umum Wisata Universitas Indonesia Timur,N/A
1275907,RS Umum Royal Prima,N/A
3573257,RSU Persada Hospital,N/A
3578769,RS Ibu dan Anak Kendangsari Merr,N/A
7412002,RS Umum Daerah Kabupaten Konawe Kepulauan,N/A
6106021,RSIA Permata Bunda,N/A
1901044,RS Umum Daerah DR. Eko Maulana Ali,N/A
3201245,RS Umum Karya Bhakti Pratiwi,N/A
7401039,RS Umum Daerah Kabupaten Buton Selatan,N/A
3271164,RS Umum Mulia Pajajaran,N/A
6471079,RS Umum Daerah Beriman,N/A
1609012,RS Islam At-Taqwa Gumawang,N/A
3201246,RS Ibu dan Anak Bunda Suryatni,N/A
1809003,RS Umum Gladish Medical Center,N/A
3525095,RSU PKU Muhammadiyah Sekapuk,N/A
3674015,RS Ibu dan Anak Vitalaya ,N/A
3401052,RS Umum Daerah Nyi Ageng Serang,N/A
6310016,RS Bersalin Paradise,N/A
1808016,RS Umum Mutiara Bunda,N/A
5103036,RS Umum Surya Husadha Nusa Dua,N/A
1808017,RS Umum Penawar Medika,N/A
3205023,RS Umum Nurhayati Garut,N/A
3520015,RS Ibu dan Anak Samudra Husada,N/A
1502015,RS Raudhah,N/A
3216427,RS Dokter Adam Talib Cikunir,N/A
1871444,RS Ibu dan Anak Sinta,N/A
1810005,RS Ibu dan Anak Harapan Bunda,N/A
1805047,RS Ibu Anak Puri Adhya Paramita,N/A
3175411,RS Umum Duta Indah,N/A
3525096,RS Petrokimia Gresik Driyorejo,N/A
3404191,RS Universitas Ahmad Dahlan,N/A
9218002,RS Umum Daerah Karubaga,N/A
1805048,RS Umum Az - Zahra,N/A
6471080,RS Bersalin Kasih Bunda,N/A
3273541,RS Ibu dan Anak Harapan Bunda Bandung,N/A
3674016,RS Insan Permata,N/A
1671337,RS Ibu dan Anak Trinanda Palembang,N/A
3671211,RS Aqidah,N/A
3521015,RS Umum At-Tin Husada,N/A
3273542,RS Umum Santosa Hospital Bandung Kopo,N/A
1807017,RS Umum Bunda,N/A
1174021,RS Umum Sakinah,N/A
3501018,RS Ibu dan Anak Gili Putri,N/A
1306057,RS Paru Sumatera Barat,N/A
1771007,RS Umum Ummi,N/A
1223003,RS Umum Ayah Bunda,N/A
1208057,RS Umum Wira Husada,N/A
3574069,RS Ibu dan Anak Muhammadiyah Kota Probolinggo,N/A
7371413,RS Ibu dan Anak Permata Hati,N/A
3204133,RS Unggul Karsa Medika,N/A
3173698,RS Umum Daerah Sawah Besar,N/A
6403017,RS Umum Daerah Dayaku Raja,N/A
7402011,RS Umum Daerah Kabupaten Muna Barat,N/A
3274137,RS Ibu dan Anak Cahaya Bunda,N/A
6271026,RS Umum Kelas D Kota Palangka Raya,N/A
1106014,RS Umum Fandika,N/A
3603183,RS Umum BUN,N/A
1275909,RS Umum Madani,N/A
3201233,RS Umum Rumah Sehat Terpadu Dompet Dhuafa,N/A
1471392,RS Umum  Universitas Riau,N/A
1671339,RS Ibu dan Anak Bunda Noni,N/A
3171790,RS Umum Daerah Kecamatan Tebet,N/A
1610004,RS Umum Mahyuzahra,N/A
3205024,RS Umum Annisa Queen,N/A
1801016,RS Ibu dan Anak Bunda,N/A
1107017,RS Tingkat IV IM 07.02,N/A
5107017,RS Umum Balimed Karangasem,N/A
1212179,RS Umum Citra Medika,N/A
1571165,RS Umum Erni Medika,N/A
1223004,RS Umum Avicenna,N/A
2071050,RS Umum Graha Hermine,N/A
3318110,RS Umum Fastabiq Sehat PKU Muhammadiyah Pati,N/A
6404045,RS Ibu Anak Cahaya Sangatta,N/A
3525097,RS Surya Medika,N/A
3403024,RS Umum PKU Muhammadiyah Wonosari,N/A
3175412,RS Umum Daerah Tugu Koja,N/A
3171792,RS Umum Daerah Jagakarsa,N/A
1275910,RS Ibu dan Anak Eva,N/A
3204124,RS Gigi dan Mulut Maranatha,N/A
1805049,RS Ibu Anak Puti Bungsu,N/A
3171791,RS Umum Pesanggrahan,N/A
3172762,RS Umum Daerah Ciracas,N/A
3173701,RS Umum Daerah Johar Baru,N/A
3175414,RS Umum Daerah Cilincing,N/A
3171793,RS Umum Daerah Mampang Prapatan,N/A
3172761,RS Umum Daerah Kramat Jati,N/A
3174518,RS Umum Daerah Kecamatan Kalideres,N/A
9236003,RS Umum Daerah Pratama Waghete,N/A
1409014,RS Umum  Cahaya,N/A
5271099,RS Ibu dan Anak Permata Hati,N/A
5206031,RS STIKES Mataram Bima,N/A
5271100,Siloam Hospitals Mataram,N/A
3174519,RS Umum Mitra Keluarga Kalideres,N/A
3212054,RS Umum MM Indramayu,N/A
1671340,RS Ibu dan Anak Az-Zahra Palembang,N/A
7371418,RS Ibu dan Anak Malebu Husada,N/A
3173700,RS Umum Daerah Cempaka Putih,N/A
3175413,RS Umum Daerah  Pademangan,N/A
3174517,RS Umum Daerah  Kembangan,N/A
1372015,RS Ibu dan Anak Yasmin,N/A
5108079,RS Giri Emas,N/A
3277022,RS Gigi dan Mulut Pendidikan Unjani,N/A
3173699,RS Umum Daerah Kemayoran,N/A
3203038,RS Umum Dr. Hafiz ,N/A
3275057,RS Umum Karya Medika Bantar Gebang,N/A
1671341,RS Ibu dan Anak Marissa Palembang,N/A
3310421,RS Umum Daerah Bagas Waras,N/A
1275911,RS Umum Siloam Dhirga Surya,N/A
3171795,RS Umum Daerah Pasar Minggu,N/A
1409016,RS Umum  Regita Medika,N/A
3171796,RS Umum Petukangan,N/A
3578789,RS Ibu dan Anak Kendangsari Surabaya,N/A
3404193,RS Umum Hermina Yogya,N/A
3573258,RS Umum Daerah Kota Malang,N/A
1402013,RS Umum  Kasih Ibu Rengat,N/A
1408088,RS Umum  AAD,N/A
7371420,RS Ibu dan Anak Mutiara Aroepala ,N/A
1171150,RS Umum Pertamedika Ummi Rosnati,N/A
3217004,RS Umum Daerah Lembang,N/A
1377005,RS Umum Tamar Medical Centre,N/A
1471394,RS Khusus  Mata SMEC Pekanbaru,N/A
3208060,RS Umum KMC Luragung,N/A
1671342,RS Musi Medika Cendikia,N/A
3173704,RS Khusus Bedah Salemba Satu,N/A
1671343,RS Umum Ar-Rasyid Palembang,N/A
3318111,RS Umum Sebening Kasih,N/A
3673005,RS Umum Ibunda,N/A
3174522,RS Umum Ciputra Hospital Citragarden City,N/A
7372077,RS Ibu dan Anak Ananda Trifa,N/A
1871446,RS Ibu dan Anak Bunda Asy Syifa,N/A
3374369,RS Ibu dan Anak Ananda Pasar Ace,N/A
7371415,RS Ibu dan Anak Fajar Medika Nusantara Makassar,N/A
7371414,RS Ibu dan Anak Prof. dr. H. M. Farid,N/A
2071053,RS Umum Santa Elisabeth Batam Kota,N/A
5315002,RS Siloam Labuan Bajo,N/A
3209054,RS Umum Permata Cirebon,N/A
3217005,RS Umum Karisma,N/A
3511013,RS Mitra Medika Bondowoso,N/A
3306109,RS Umum Islam Purworejo,N/A
6306023,RS Umum Ceria,N/A
3205026,RS Umum Intan Husada,N/A
3216432,RS Ibu dan Anak Sayang Bunda,N/A
1402014,RS Ibu dan Anak  Safira,N/A
1275914,RS Khusus Mata Mencirim Tujuh-Tujuh,N/A
1471395,RS Ibu Anak  Budhi Mulia,N/A
7571023,RS Multazam,N/A
7308058,RS Hapsah,N/A
3506064,RS Ibu dan Anak Permata Hati Pare Kediri,N/A
1275913,RS Umum Universitas Sumatera Utara,N/A
8101064,RS Umum Daerah dr. D. Anatototi,N/A
6306024,RS Umum Daerah Daha Sejahtera,N/A
1212180,RSU Grand Medica,N/A
7472002,RS Siloam Hospital Buton,N/A
1706020,RS Ibu dan Anak AL-Barra,N/A
1312025,RS Ibu dan Anak AL-Ihsan,N/A
3172765,RS Umum AL-Fauzan,N/A
3322073,RS Umum Kusuma Ungaran ,N/A
1871447,RS Ibu dan Anak Belleza Kedaton Bandar Lampung,N/A
1104012,RS Umum Nurul Hasanah,N/A
3216434,RS Umum Budi Asih,N/A
3578791,RS Ibu dan Anak Graha Medika,N/A
2071057,RS Ibu dan Anak Frisdhy Angel,N/A
3525098,RS Umum Islam Cahaya Giri Gresik,N/A
3172766,RS Umum Olahraga Nasional,N/A
3171798,RS Umum Ali Sibroh Malisi,N/A
3306110,RS Umum Budi Sehat Purworejo,N/A
1207066,RS Umum Elpi Al Azis,N/A
3603185,RS Umum Hermina Bitung,N/A
1276077,RS Umum Sylvani,N/A
1213058,RS Umum Wampu Norita,N/A
3278021,RS Ibu dan Anak Bunda Aisyah,N/A
3172767,RS Khusus Mata SMEC Jakarta,N/A
6301015,RS Borneo Citra Medika,N/A
3471377,UPT Rumah Sakit Pratama Kota Yogyakarta,N/A
2071054,RS Ibu dan  Anak Griya Medika Batam,N/A
5171219,RS Khusus Ibu dan Anak Pucuk Permata Hati,N/A
1110104,RS Umum Jeumpa Hospital,N/A
6201013,RS Citra Husada Pangkalan Bun,N/A
3515142,RS Umum Aminah,N/A
3174523,RS Umum Daerah Matraman,N/A
3522062,RS Muslimat NU Muna Anggita Bojonegoro,N/A
3175416,RS Umum Daerah  Tanjung Priok,N/A
3173705,RS Umum Daerah Tanah Abang,N/A
1509028,RS Umum Permata Hati,N/A
3510107,RS Ibu dan Anak Abdhi Famili,N/A
3311228,RS Umum Universitas Sebelas Maret,N/A
3216436,RS Umum Omni Cikarang,N/A
6471082,RS Khusus Mata SMEC Balikpapan,N/A
1401012,RS Ibu dan Anak Milano,N/A
3512038,RS Umum Mitra Sehat Kabupaten Situbondo,N/A
3671214,RS Tiara ,N/A
3603186,RS Ibu dan Anak Assyifa ,N/A
3671216,RS Rumah Indonesia Sehat,N/A
7471007,RS Umum Aliyah II,N/A
3327047,RS Umum Muhammadiyah Mardhatillah,N/A
1276078,RS Umum AL Fuadi,N/A
1471397,RS Umum  Prima Pekanbaru,N/A
3214040,RS Umum Karina Medika,N/A
1371462,RS Umum Naili DBS,N/A
1812003,RS Umum Daerah Tulang Bawang Barat,N/A
8271057,RS Prima Ternate,N/A
3174525,RS Umum Daerah Taman Sari,N/A
3318113,RS Umum As-Suyuthiyyah ,N/A
7602045,RS Bersalin dan Klinik Spesialis,N/A
3174527,RS Gigi dan Mulut FKG Universitas Trisakti,N/A
1471396,RS Umum  Aulia Hospital,N/A
7371422,RS Khusus Gigi dan Mulut Universitas Hasanuddin,N/A
3573261,RS Ibu dan Anak Rumkitban 05.08.02 Malang,N/A
3273543,RS Umum Melinda 2,N/A
3203039,RS Umum Daerah Pagelaran,N/A
3578793,RS PKU Muhammadiyah Surabaya,N/A
3173706,RS Umum Hermina Kemayoran,N/A
3522064,RS Ibu dan Anak Fatma,N/A
7202016,RS Pratama dr. Abdul Chalik Masulili,N/A
3671217,RS Ibu dan Anak Karunia Bunda,N/A
7171102,RS Umum Manado Medical Center,N/A
9229002,RS Pratama Elvrida Sara,N/A
3201247,RS EMC Sentul,N/A
3216435,RS Umum Tarumajaya,N/A
5104037,RS Umum Kasih Ibu Saba,N/A
6310018,RS Umum Marina Permata,N/A
6172002,RS Ibu dan Anak Wempe Singkawang,N/A
3525099,RS Umum Rachmi Dewi ,N/A
3272075,RS Umum Daerah Al-Mulk,N/A
1276076,RS Umum Ratu Mas,N/A
7373005,RS Mujaisyah,N/A
3578794,RS Ibu dan Anak Pusura Tegalsari,N/A
3516039,RS Umum Dian Husada,N/A
3505041,RS Umum Al-Ittihad,N/A
3510108,RS Al-Rohmah Banyuwangi,N/A
3671218,RS Ibu dan Anak PKU Muhammadiyah Cipondoh,N/A
7271132,RS Samaritan Palu,N/A
7326002,RS Umum Daerah Pongtiku,N/A
1272033,RS Umum Hadi Husada,N/A
3671219,RS Ibu dan Anak Gebang Medika,N/A
7308059,RS Umum Daerah Datu Pancaitana,N/A
1275918,RS Khusus Ginjal Rasyida,N/A
3217006,RS Umum IMC,N/A
6303033,RS Umum Ciputra Mitra Hospital,N/A
6301016,RS Ibu dan Anak Ibunda,N/A
6472128,RS Umum Daerah KORPRI Provinsi Kalimantan Timur,N/A
1804013,RS Ibu dan Anak Mawar,N/A
6371155,RS Ibu dan Anak Annisa,N/A
1109031,RS Islam Ibnu Sina Sigli,N/A
6471085,RS Ibu Anak Asih  Balikpapan,N/A
7371426,RS Hermina Makassar,N/A
1804014,RS Ibu dan Anak Ibunda,N/A
1811002,RS Umum Daerah Ragab Begawe Caram,N/A
1274061,RS Umum Natama,N/A
5315003,RS Umum Daerah Komodo,N/A
3673010,RS Fatimah,N/A
8272003,RS Umum Sofifi,N/A
1371463,RS Khusus Bedah Kartika Docta,N/A
3529029,RS Umum Sumekar,N/A
1502018,RS Andimas,N/A
1273106,RS Umum Tiara Kasih Sejati,N/A
1302012,RS Umum BKM,N/A
3275060,RS Umum Satria Medika,N/A
6472129,RS Ibu dan Anak Herawaty,N/A
3510109,RS Ibu dan Anak Rahayu Medika,N/A
3575016,RS Asih Abyakta,N/A
6105028,RS Umum Sentra Medika Sanggau,N/A
7174004,RS Ibu dan Anak Kasih Fatimah Kotamobagu,N/A
7371425,RSU Cahaya Medika Makassar,N/A
3510106,RS Graha Medika,N/A
8208001,RS Umum Daerah Bobong,N/A
1213059,RS Umum Putri Bidadari,N/A
3216438,RS Umum Pinna,N/A
1208059,RS Umum Bunda Mulia,N/A
3326051,RS Ibu dan Anak Aisyiyah Pekajangan Pekalongan,N/A
3504078,RS Ibu dan Anak Trisna Medika,N/A
3206084,RS Ibu dan Anak Respati,N/A
3671221,RS Ibu dan Anak Pratiwi,N/A
7317076,RS Hikmah Sejahtera Belopa ,N/A
7208115,RS Umum Daerah Buluye Napoae Moutong,N/A
7373007,RS Mega Buana Palopo,N/A
3402080,RS Khusus Ibu dan Anak Kahyangan,N/A
3603188,RS Ibu dan Anak Bunda Sejati,N/A
1274062,RS Umum Universitas Prima Indonesia,N/A
3572072,RS Ibu dan Anak Tanjungsari,N/A
1902012,RS Utama,N/A
3201249,RS Umum Asysyifaa,N/A
3604050,RS Ibu dan Anak Permata Serdang,N/A
1804015,RS Umum Permata Hati,N/A
6372017,RS Umum Syifa Medika,N/A
5201012,RS Umum Daerah Awet Muda Narmada,N/A
3508058,RS Umum Daerah Pasirian Kabupaten Lumajang,N/A
1810007,RS Khusus Bedah Kurnia Medical Center,N/A
3573262,RS Universitas Brawijaya,N/A
7171103,RS Umum Daerah Provinsi Sulawesi Utara,N/A
3303101,RS Umum Siaga Medika Purbalingga ,N/A
7371427,RS Gigi dan Mulut Ladokgi TNI AL Yos Sudarso,N/A
3401053,RS Umum Pura Raharja Medika,N/A
3471378,RS Khusus Ibu dan Anak Fajar,N/A
1377007,RS Umum Daerah Dr Sadikin Kota Pariaman,N/A
3671222,RS Ibu dan Anak Makiyah,N/A
3204129,RS Ibu dan Anak Grha Bunda,N/A
7205024,RS Umum Pratama Tambu,N/A
2071059,RS Umum Soedarsono Darmosoewito,N/A
1208060,RS Umum Lina,N/A
1208061,RS Umum Ivan Husada,N/A
1208062,RS Umum Methodist Bintang Kasih,N/A
3504081,RS Umum Prima Medika,N/A
3210037,RS Ibu dan Anak Mitra Plumbon Majalengka,N/A
3204130,RS Mata Bandung Eye Center,N/A
6372018,RS Umum Mawar ,N/A
7109002,RS Umum Daerah Mitra Sehat,N/A
3305120,RS Umum Daerah Prembun,N/A
1305016,RS Ibu dan Anak Fadhila Batusangkar,N/A
6471086,RS Hermina Balikpapan,N/A
1371464,RS. Universitas Andalas,N/A
3471379,RS Khusus Ibu dan Anak Rachmi,N/A
1275919,RS Umum Ananda Putri Medan,N/A
1275920,RS Ibu dan Anak Karya Jaya,N/A
3309135,RS Indriati Boyolali,N/A
1275921,RS Khusus Bedah Setia Budi,N/A
1208064,RS Umum Permata Hati,N/A
7472003,RS Umum Murhum,N/A
1305017,RS Umum Harapan Ibunda,N/A
3212055,RS Umum Pertamina Balongan Indramayu,N/A
3325039,RS Umum Daerah Limpung,N/A
1371465,RS Ibu dan Anak Restu Ibu,N/A
3311229,RS Umum Indriati,N/A
3215167,RS Umum Amanda Mitra Keluarga,N/A
7414002,RS Umum Daerah Kabupaten Buton Tengah,N/A
1508002,RS Umum Setia Budi,N/A
3603189,RS Ibu dan Anak Sepatan Mulia,N/A
3579004,RS Punten,N/A
3578795,RS Ibu dan Anak Ferina,N/A
3506065,RS Gigi Mulut IIK Bhakti Wiyata,N/A
3276153,RSU Citra Arafiq,N/A
3505043,RS Umum Medika Utama,N/A
6404051,RS Umum Daerah Sangkulirang,N/A
3211027,RS Umum Harapan Keluarga,N/A
1671346,RS Ibu dan Anak Kader Bangsa Palembang ,N/A
6405012,RS Umum Daerah Talisayan,N/A
7371428,RS Ibu dan Anak Paramount,N/A
5102047,RS Nyitdah,N/A
5101055,RS Umum Balimed Negara,N/A
5371059,RS Jiwa Naimata,N/A
3524048,RS Bedah Citra Medika Lamongan,N/A
3602012,RS Kartini,N/A
3201250,RS Ibu dan Anak Permata Pertiwi,N/A
1372013,RS Ibu dan Anak Permata Bunda Solok,N/A
1174022,RS Umum Metro Medical Center,N/A
3515143,RS Umum Mitra Sehat Mandiri Sidoarjo,N/A
3201251,RS Umum Siloam Hospitals Bogor,N/A
3216439,RS Umum Dr. Iqbali Taufan,N/A
6571044,RS Umum Kota Tarakan,N/A
3674018,RS Pondok Indah Bintaro Jaya,N/A
3525100,RS Ibu dan Anak Amalia ,N/A
8272004,RS Jiwa Sofifi,N/A
3514054,RS Sahabat,N/A
5102048,RS Umum Bali Holistik,N/A
5102049,RS Umum Semara Ratih,N/A
3402081,Rumah Sakit Bedah Adelia,N/A
1376016,RS Ibu dan Anak Sukma Bunda,N/A
5108077,RS Umum Daerah Tangguwisia,N/A
7371429,RS Ibu dan Anak Kartini ,N/A
6503002,RS Umum Daerah Akhmad Berahim,N/A
3217007,RS Umum Daerah Cikalong Wetan,N/A
3213047,RS Umum Haji Syaiful Anwar,N/A
3175417,RS Mata Primasana,N/A
2101002,RS Ibu dan Anak Graha RAP,N/A
3275062,RS Siloam Bekasi Timur,N/A
2171061,RS Bhayangkara Batam Polda Kepri,N/A
3271166,RS Umum Bhayangkara Tk IV Bogor,N/A
1302013,RS Umum Daerah Tapan,N/A
3216440,RS Umum Daerah Cabangbungin,N/A
1803034,RS Ibu Anak Hidayah Ibu,N/A
1904014,RS Siloam Bangka,N/A
1701016,RS As-syifa,N/A
3171800,RS Umum Daerah Jati Padang,N/A
3171801,RS Umum Daerah Kebayoran Baru,N/A
3216441,RS Umum Permata Keluarga Jababeka,N/A
1571168,RS Mitra,N/A
1803035,RS Umum Daerah Bandar Negara Husada,N/A
6401016,RS Umum Muhammadiyah Paser,N/A
1220002,RS Umum Berkah,N/A
7371430,RS Ibu dan Anak Amanat,N/A
1209081,RS Umum Karya Husada,N/A
1274063,RS Chevani,N/A
3310425,RS PKU Muhammadiyah Pedan,N/A
1208065,RS Umum Radiva,N/A
3671223,RS Karang Tengah Medika,N/A
3528028,RS Umum Daerah Waru Pamekasan,N/A
3309132,RS Umum Natalia,N/A
1212181,RS Umum Mitra Medika,N/A
1671347,RS Umum Daerah Siti Fatimah Provinsi Sumatera Sela,N/A
3213048,RS Umum Kharisma,N/A
6501013,RS Pratama Long Ampung,N/A
5202023,RS Ibu dan Anak Bhumi Bunda,N/A
5171220,RS Umum Daerah Bali Mandara Provinsi Bali,N/A
3505044,RS Umum Wava Husada Kesamben,N/A
3311230,RS PKU Muhammadiyah Kartasura,N/A
3471380,RS Siloam Yogyakarta,N/A
3207057,RSU Dadi Keluarga Ciamis,N/A
5271101,RS Universitas Mataram,N/A
1671348,RS Ibu dan Anak Mama,N/A
1275922,RS Khusus Mata Provinsi Sumatera Utara,N/A
1211127,RS Ibu dan Anak Mina Husada,N/A
7171104,RS Mata Provinsi Sulawesi Utara,N/A
3275063,RS Awal Bros Bekasi Timur,N/A
3603190,RS Ibu dan Anak Ilanur,N/A
1376017,RS Ibu dan Anak Annisa Payakumbuh,N/A
3674019,RSIA Prima Medika,N/A
3213049,Rumah Sakit Bersalin Grha Mutiara,N/A
1277027,RS Metta Medika,N/A
5103038,RS Bali Jimbaran,N/A
7602046,RS Bhakti Kasih,N/A
1275923,RS Umum Mitra Medika Amplas,N/A
3173707,RS Gigi Dan Mulut YARSI,N/A
3525101,RS Umar Masud,N/A
3171802,RS Khusus Bedah Halimun,N/A
1273107,RS Mata Siantar,N/A
1275924,RS Umum Gran Theresia Herna,N/A
1674003,RS Siloam Silampari,N/A
5271102,RS Ibu dan Anak Tresna,N/A
5105016,RSU Daerah Gema Santi Nusa Penida,N/A
5318002,RS Daerah Aeramo Kabupaten Nagekeo,N/A
3217008,RS Ibu dan Anak Kartini,N/A
3507113,RS Umum Bhakti Bunda,N/A
3403025,RS Bethesda Wonosari,N/A
3201252,RS Harapan Sehati,N/A
7305013,RS Maryam Citra Medika,N/A
7302017,RS Ibu dan Anak Yasira,N/A
5304015,RS Umum Muder Ignacia,N/A
1213061,Rumah Sakit Umum Surya,N/A
3572073,RS Islam Aminah,N/A
9107003,RS Maleo,N/A
5316003,RS Umum Daerah Waibakul,N/A
3276154,RS Ibu dan Anak Bunda Aliyah,N/A
1275928,RS Khusus Mata Prima Vision,N/A
3275064,RS Mustika Medika Bekasi,N/A
1174023,RS Ibu dan Anak ABBY,N/A
5305025,RS Umum Leona,N/A
7373008,RS Dokter Palemmai Tandi,N/A
1311002,RS Umum Daerah Sungai Rumbai,N/A
7173002,RS Umum Daerah Anugerah,N/A
5202024,RS Cahaya Medika,N/A
3302232,RS Hermina Purwokerto,N/A
6202025,RS Kelas D Pratama Parenggean,N/A
1309023,RS Islam Ibnu Sina Panti Yarsi ,N/A
1601084,RS Umum Dokter Maulana AK,N/A
3573260,RSIA REFA HUSADA,N/A
3527013,RS Nindhita,N/A
1275929,RS Ibu Dan Anak Artha Mahinrus,N/A
3526029,RSU Anna Medika Madura,N/A
6107024,RSIA Bujang Dara Sintang,N/A
1806037,RS Maria Regina,N/A
9231002,RSUD Lukas Enembe Kabupaten Memberamo Tengah,N/A
1471398,RS Daerah Madani Kota Pekanbaru,N/A
1801018,RSU Puri Husadatama,N/A
1208066,RSIA Utama,N/A
3673011,RS Mata Achmad Wardi BWI-DD,N/A
3603191,RS Umum Daerah Pakuhaji,N/A
1372014,RS Ibu Dan Anak Ananda,N/A
3372238,RS PKU Muhammadiyah Sampangan Surakarta,N/A
1806038,RS Candimas Medical Center,N/A
1571169,RS Umum Daerah H. Abdurrahman Sayoeti,N/A
7271133,RS Umum Tadulako Palu,N/A
1275930,RSU HERMINA MEDAN,N/A
1212182,RS Umum Noor,N/A
3601034,RSIA Permata Ibunda,N/A
3306111,RS Amanah Umat Purworejo,N/A
5271103,RS Mata Nusa Tenggara Barat,N/A
3174529,RS Umum Cendana,N/A
1275931,RS Umum Eshmun,N/A
3501019,RS Umum Medical Mandiri Pacitan,N/A
1971004,RS Kalbu Intan Medika,N/A
7318056,RS Sinar Kasih,N/A
3520016,RS Ibu dan Anak Melati Magetan,N/A
3509140,RS Siloam Jember,N/A
7403126,RS Umum Setia Bunda,N/A
3402082,RS Khusus Ibu dan Anak Adinda,N/A
6107025,RS Umum Assyifa Sintang,N/A
1207067,RS Umum Karya Bakti Ujung Bandar,N/A
1218029,RS Umum Melati Desa Pon,N/A
3172769,RS Umum  Dr. EUIS,N/A
3375075,RS Umum Hermina Pekalongan,N/A
6472130,RS Hermina Samarinda,N/A
1871448,RS Mata Lampung Eye Center (LEC),N/A
5107018,RS Pratama Kubu,N/A
3507114,RS Singhasari Medika,N/A
1207068,RS Umum Hartati Medical Centre,N/A
3172770,RS Ibu dan Anak Alvernia Agusta,N/A
6111002,RS Umum Daerah Sultan Muhammad Jamaludin I,N/A
1703046,RSUD Lagita,N/A
1212183,RS Umum Kasih Insani,N/A
3201253,RS Ibu dan Anak Melania,N/A
1223006,RS Umum Flora,N/A
5271104,RS Metro Medika,N/A
1509029,RS Ibu dan Anak Moelia,N/A
3314096,RS Umum Rizky Amalia,N/A
3201254,Bogor Senior Hospital,N/A
3514057,RS Graha Sehat Medika,N/A
3301112,RSU Raffa Majenang,N/A
1207069,RS Dokter Takdir,N/A
3273546,RS Ibu dan Anak Al Islam ,N/A
3317027,RS Bhina Bhakti Husada,N/A
9226002,RS Umum Daerah Rumah Rodo Fabo ,N/A
3306112,RS Umum Ananda Purworejo,N/A
3374371,Siloam Hospitals Semarang,N/A
7604027,RS Bhayangkara Tkt. IV Polda Sulbar,N/A
1602015,RS Pratama Tugu Jaya,N/A
6271027,RS Awal Bros Betang Pambelum,N/A
3673012,RSUD Kota Serang,N/A
2171062,RS Keluarga Husada Batam,N/A
1304015,RS Alya,N/A
1971005,RS Ibu dan Anak Dzakirah,N/A
3208061,RS Jantung Hasna Medika Kuningan,N/A
3603192,RS Mitra Keluarga Gading Serpong,N/A
7371432,RS Ibu Dan Anak Sayang Bunda,N/A
3526030,RS Bersalin Aisyiyah,N/A
5272005,RSUD Kota Bima,N/A
6411001,RS Gerbang Sehat Mahulu,N/A
6411002,RS Nawacita Datah Dave,N/A
1806039,RS Medika Insani,N/A
1571164,RS Umum Rimbo Medika,N/A
1602016,RS Safira Pasa,N/A
3526031,RS Ibu Dan Anak Hikmah Sawi,N/A
2171063,RS Ibu dan Anak Kasih Sayang Ibu,N/A
6308014,RS Mulia Amuntai,N/A
1273108,RS Rasyida Siantar,N/A
1212184,RS Jiwa Bina Karsa Tuntungan,N/A
7371433,RS Khusus Daerah Gigi dan Mulut Provinsi Sulawesi ,N/A
3526032,RS Khusus Bedah Al Ishaqiy,N/A
1803036,RS Airan Raya,N/A
1502019,RS Merangin Medical Centre,N/A
3216443,RS Grha MM2100,N/A
7202017,RS Claire Medika,N/A
3216444,RS Cenka,N/A
3276155,RS Ibu dan Anak Brawijaya Bojongsari,N/A
3512039,RS Ibu dan Anak Jatimed,N/A
3528029,RSU Kusuma Hospital,N/A
3172771,RSUD CIPAYUNG,N/A
6305011,RS Umum Handayati,N/A
3171803,RS Umum Daerah Kebayoran Lama,N/A
3579005,RS Ibu dan Anak Haji,N/A
1111005,RSU Prima Inti Medika,N/A
1503039,RS Langit Golden Medika,N/A
3506066,RS Umum Daerah Simpang Lima Gumul Kediri,N/A
3517098,RS Bedah Surya Dharma Husada,N/A
3507116,RSU Salsabila Husada,N/A
3514058,RS Umum Daerah Grati,N/A
3171804,RS Khusus Mata Nusantara,N/A
9105004,RS Pratama Warmare,N/A
1377008,RS Ibu dan Anak Citra Aguswar Medical Center,N/A
3314097,RS Umum Saras Ibnu Sina Sukowati,N/A
1610005,RS Ar-Royyan,N/A
1971006,RS Ibu dan Anak Rona,N/A
5103040,RS Universitas Udayana,N/A
9271079,RS Provita Jayapura,N/A
7501044,RS Daerah Kelas D Pratama  ,N/A
3174530,RS Khusus Ibu dan Anak Aries,N/A
3310416,RSU PKU Muhammadiyah Delanggu,N/A
7206014,RS Umum Hj. Zubaeda Bantilan,N/A
1813001,RSUD KH. Muhammad Thohir KRUI,N/A
9213038,RS Bergerak Kab.Boven Digoel,N/A
1371466,RSU Hermina Padang,N/A
1674005,RS Ibu dan Anak Dwi Sari,N/A
1901046,RS Umum Daerah Sjafrie Rachman Puding Besar,N/A
3507117,RS Umum Pindad,N/A
6271029,RS Permata Hati Palangkaraya,N/A
3603193,RS Siloam Hospitals Kelapa Dua,N/A
3216445,RS OMNI Pekayon,N/A
1207071,RS Harapan Bunda,N/A
3216446,RSIA Aisyah Qurrataain,N/A
3173712,RS Umum Yarsi,N/A
1603087,RS Umum Daerah Semende Darat Laut,N/A
1603088,RS Umum Daerah Lubai Ulu ,N/A
1603089,RS Umum Daerah Gelumbang,N/A
6271028,RS Ibu dan Anak Yasmin Palangka Raya,N/A
7203018,RS Umum Pratama Paku,N/A
1275932,RS Gigi dan Mulut Prima,N/A
3573263,RS Khusus Kanker Onkologi Sentani,N/A
1304017,RS Khusus Ibu dan Anak Haryanda,N/A
6401018,RS Pratama Batu Engau,N/A
5102051,RS Ibu dan Anak Cahaya Bunda,N/A
3201256,RS Universitas Indonesia,N/A
1611002,RS Pratama Pendopo,N/A
3212056,RS Umum Daerah Mursid Ibnu Syafiuddin,N/A
3514059,RS Prima Husada,N/A
1607014,RS Hermina OPI Jakabaring,N/A
1407016,RS Ibu dan Anak Harapan Medika,N/A
1405017,RS Type D Perawang,N/A
1674007,RS Ibu dan Anak Ananda Lubuk Linggau,N/A
3308021,RS Umum Syubbanul Wathon,N/A
7471008,RS Umum Aliyah III,N/A
7201014,RS Pratama Bilabanggai Buko Selatan,N/A
3372239,RS Gigi dan Mulut Soelastri,N/A
9234003,RSUD Pratama Dogiyai,N/A
1117027,RS Ibu dan Anak Azalia,N/A
3172772,RS Ibu dan Anak Asta Nugraha,N/A
1601086,RS Ibu dan Anak Amanna,N/A
6108014,RS Umum Daerah Semitau,N/A
7315018,RSUD Madising,N/A
5205016,RS Pratama Manggelewa,N/A
3402084,RS Universitas Islam Indonesia,N/A
7103039,RS Umum Liung Paduli,N/A
1224002,RS Pratama Kabupaten Nias Utara,N/A
7471009,RS Umum Tiara Sentosa,N/A
5171221,RS Khusus Mata Ramata,N/A
1671350,RS Umum Daerah Gandus Palembang,N/A
1903005,RS Gunung Manik,N/A
9105005,RS Bhayangkara Lodewijk Mandatjan,N/A
3208063,RS Mitra Husada Ciawigebang,N/A
9235002,RS Umum Daerah Kabupaten Intan Jaya,N/A
5317002,RS Umum Daerah Pratama Reda Bolo,N/A
3208064,RS Umum Aria Kamuning,N/A
5108080,RS Balimed Buleleng,N/A
1271033,RS Metta Medika II,N/A
1309024,Rumah Sakit Kelas D Pratama Pasaman,N/A
3212057,RS Syahid Al Irsyad,N/A
1403037,RS 3M Plus,N/A
3212058,RS Ibu dan Anak Irhamna Indramayu,N/A
3304035,RS Umum PKU Muhammadiyah Banjarnegara,N/A
3674020,RS Mitra Keluarga Bintaro,N/A
6372019,RSU Almansyur Medika Banjarbaru,N/A
8107024,RS Umum Goran Riun,N/A
3301114,RS Umum Aghisna Medika Sidareja,N/A
3216448,RS Mitra Keluarga Pratama,N/A
1509031,RS Jabal Rahmah Medika,N/A
5306055,RS Sumber Kasih Sejati,N/A
1275933,UPT RS Khusus Paru Sumatera Utara,N/A
3328081,RS Harapan Sehat Slawi,N/A
3201257,RS Ibu dan Anak Nuraida,N/A
6105031,RS Umum Daerah Temenggung Gergaji Balai Karangan,N/A
1275934,RS Jiwa Mahoni,N/A
6371156,RS Umum Daerah Sultan Suriansyah Banjarmasin,N/A
3329112,RS Harapan Sehat Jatibarang,N/A
3401058,RS Umum Queen Latifa,N/A
3525102,RS Umum Randegansari Husada,N/A
3275065,RS Awal Bros Bekasi Utara,N/A
3216449,RS Ananda Babelan,N/A
8171123 ,RS Umum Pusat Dr. J. Leimena,N/A
1275935,RS Umum Royal Maternity,N/A
3328082,RS Hawari Essa,N/A
1601088,RS Ibu dan Anak Graha Kurnia,N/A
1607015,RS Umum Daerah Pratama Makarti Jaya,N/A
1607016,RS Umum Daerah Pratama Sukajadi,N/A
3372240,RSU Umum Daerah Bung Karno Kota Surakarta,N/A
3327048,RS Harapan Sehat Pemalang,N/A
3212059,RS Mitra Plumbon Indramayu,N/A
7306059,RS Umum Yapika,N/A
7326003,RS Santa Teresa Marampa Rantepao,N/A
1771009,RS Gading Medika,N/A
3372241,RS JIH Solo,N/A
3275066,RS Umum Daerah Jatisampurna,N/A
3275067,RS Umum Pondok Gede,N/A
3275068,RS Umum Daerah Bantar Gebang,N/A
7322004,RS Hikmah Sejahtera Sukamaju,N/A
3604052,RS Otika Medika,N/A
3374372,RS Islam Gigi dan Mulut Sultan Agung,N/A
1174024,RS Umum Az-Zuhra,N/A
3329113,RS Harapan Sehat Bumiayu,N/A
3324040,RSU Charlie Hospital,N/A
3201258,RS Eka Hospital,N/A
3523055,RSUD R. Ali Manshur,N/A
1674008,RS Umum Daerah Petanang,N/A
6101137,RS Pratama Teluk Keramat Kabupaten Sambas,N/A
3604053,RS Bhayangkara Tk. IV Biddokkes Polda Banten,N/A
7371434,RS Umum Sandi Karsa Makassar,N/A
3207059,RS Khusus Bedah RSOP Ciamis,N/A
6404053,RS Sandaran Bengalon,N/A
1219004,RSU Indrapura,N/A
1409018,RS Ibunda,N/A
7301017,RS Pratama Jampea,N/A
3372242,RS Onkologi Solo,N/A
1471399,RS Hermina Pekanbaru,N/A
3216450,RS Eka Bekasi,N/A
3374373,RS Gigi dan Mulut Unimus,N/A
3671224,RS Sari Asih Cipondoh,N/A
6301020,RSUD KH Mansyur,N/A
6372020,RS Umum Nirwana,N/A
3320046,RS PKU Aisyiyah Jepara,N/A
3212060,RS Sentra Medika Langut,N/A
5207004,RS Surya Medika PKU Muhammadiyah Sumbawa,N/A
3372201,RSU Surakarta BKPM,N/A
7471010,RS Hermina Kendari,N/A
5104039,RS Umum Payangan,N/A
3508060,RS Umum Muhammadiyah Lumajang,N/A
3371144,RSUD Budi Rahayu,N/A
3201259,RS Pena 98,N/A
1507013,RS Umum Daerah Suryah Khairuddin,N/A
6107026,RS Pratama Serawai,N/A
3321035,RS Umum Daerah Sultan Fatah Karangawen Demak,N/A
5203027,RS Umum Daerah Lombok Timur,N/A
3204134,RSUD Kesehatan Kerja,N/A
7372078,RS Dr. Hasri Ainun Habibie Parepare,N/A
7303012,RSUD Banyorang,N/A
3312310,RS PKU Muhammadiyah Wonogiri,N/A
6472131,RS Mata Provinsi Kalimantan Timur,N/A
7502035,RS Umum Daerah Boliyohuto,N/A
3210038,RS Ibu dan Anak Livasya,N/A
3311231,RS Islam Surakarta YARSIS,N/A
5102052,RS Ibu dan Anak Puri Bunda Tabanan,N/A
3218001,RS Umum Daerah Pandega Pangandaran,N/A
3215146,RS Khusus Paru Kabupaten Karawang,N/A
